user_id,y_true,y_pred,y_score
u1,1,1,0.8158424475417557
u10,0,1,0.7995389898841622
u6,0,1,0.8229322505735676
u9,1,1,0.5162754041443195
